{"cameraMode":{"drawMode":0,"name":"Shaded","section":"Shading Mode"},"sceneLighting":true,"audioPlay":false,"sceneViewState":{"m_AlwaysRefresh":false,"showFog":true,"showSkybox":true,"showFlares":true,"showImageEffects":true,"showParticleSystems":true,"showVisualEffectGraphs":true,"m_FxEnabled":true},"in2DMode":false,"pivot":{"x":-13.55732536315918,"y":-1.5077807903289796,"z":-17.96856117248535},"rotation":{"x":-0.056641895323991778,"y":0.9293841123580933,"z":-0.16078799962997437,"w":-0.32739758491516116},"size":4.5569539070129398,"orthographic":false}