{"cameraMode":{"drawMode":0,"name":"Shaded","section":"Shading Mode"},"sceneLighting":false,"audioPlay":false,"sceneViewState":{"m_AlwaysRefresh":false,"showFog":true,"showSkybox":false,"showFlares":true,"showImageEffects":true,"showParticleSystems":true,"showVisualEffectGraphs":true,"m_FxEnabled":true},"in2DMode":false,"pivot":{"x":2.3283064365386964e-7,"y":-0.006422549486160278,"z":0.010756753385066986},"rotation":{"x":-0.10358946770429611,"y":0.890809953212738,"z":-0.25549057126045229,"w":-0.36118224263191225},"size":0.1425681710243225,"orthographic":false}