{"cameraMode":{"drawMode":0,"name":"Shaded","section":"Shading Mode"},"sceneLighting":false,"audioPlay":false,"sceneViewState":{"m_AlwaysRefresh":false,"showFog":false,"showSkybox":false,"showFlares":false,"showImageEffects":false,"showParticleSystems":false,"showVisualEffectGraphs":true,"m_FxEnabled":true},"in2DMode":false,"pivot":{"x":-0.34514302015304568,"y":0.6494570970535278,"z":-0.6198552846908569},"rotation":{"x":-0.008036768063902855,"y":-0.9734640717506409,"z":0.22619563341140748,"w":-0.034777868539094928},"size":1.2088127136230469,"orthographic":false}